Ref,Val,Package,PosX,PosY,Rot,Side
"C15","1uF","C_0805_2012Metric",-176.325000,-102.575000,-90.000000,bottom
"C16","0.1uF","C_0805_2012Metric",-166.825000,-51.575000,-90.000000,bottom
"R31","10k","R_0805_2012Metric",-168.075000,-98.575000,-90.000000,bottom
"R32","100k","R_0805_2012Metric",-173.075000,-97.575000,-90.000000,bottom
"R33","1k","R_0805_2012Metric",-176.325000,-99.075000,-90.000000,bottom
"R34","18k","R_0805_2012Metric",-178.575000,-102.575000,-90.000000,bottom
"R35","1k","R_0805_2012Metric",-167.825000,-64.075000,-90.000000,bottom
"R36","18k","R_0805_2012Metric",-165.325000,-64.075000,-90.000000,bottom
"U20","SN74AHC1G02DBVR","SOT-23-5",-165.500000,-103.300000,180.000000,bottom
"U21","SN74AHC1G02DBVR","SOT-23-5",-165.500000,-107.000000,180.000000,bottom
"U22","LM393","SOIC-8_3.9x4.9mm_P1.27mm",-166.825000,-92.575000,-90.000000,bottom
"U23","LM393","SOIC-8_3.9x4.9mm_P1.27mm",-166.825000,-57.325000,-90.000000,bottom
"C4","0.22uF","FA14X7R1H224KNU00",-186.800000,-60.967500,90.000000,top
"C5","0.1uF","FA18X7R1H104KNU00",-186.675000,-54.962500,90.000000,top
"C6","0.1uF","FA18X7R1H104KNU00",-163.425000,-110.250000,0.000000,top
"C7","0.1uF","FA18X7R1H104KNU00",-173.930000,-91.962500,90.000000,top
"C8","0.1uF","FA18X7R1H104KNU00",-170.050000,-69.475000,0.000000,top
"C9","0.1uF","FA18X7R1H104KNU00",-180.662500,-41.287500,90.000000,top
"C10","10uF","CP_Radial_D5.0mm_P2.50mm",-157.104900,-97.475000,180.000000,top
"C12","0.1uF","FA18X7R1H104KNU00",-173.600000,-59.775000,90.000000,top
"C13","10uF","CP_Radial_D5.0mm_P2.50mm",-176.590000,-108.670000,0.000000,top
"C14","0.1uF","FA18X7R1H104KNU00",-168.500000,-109.850000,0.000000,top
"D9","1N4001","D_DO-41_SOD81_P10.16mm_Horizontal",-196.860000,-79.300000,0.000000,top
"D10","1N4148","D_DO-41_SOD81_P10.16mm_Horizontal",-171.010000,-106.700000,0.000000,top
"J1","Conn_01x03","JST_XH_B3B-XH-A_1x03_P2.50mm_Vertical",-193.975000,-73.050000,0.000000,top
"J2","Conn_01x02","JST_XH_B2B-XH-A_1x02_P2.50mm_Vertical",-185.075000,-109.225000,0.000000,top
"J3","Conn_01x02","JST_XH_B2B-XH-A_1x02_P2.50mm_Vertical",-192.975000,-65.800000,0.000000,top
"K1","G5Q-1A4-DC12","Relay_SPST_Omron-G5Q-1A",-195.600000,-83.500000,-90.000000,top
"LED1","LTL-1CHG","LTL1CHG",-169.497500,-76.735000,-90.000000,top
"LED2","LTL-1CHG","LTL1CHG",-169.770000,-45.465000,90.000000,top
"LED3","LTL-1CHG","LTL1CHG",-164.470000,-45.490000,90.000000,top
"LED4","LTL-1CHG","LTL1CHG",-163.917500,-79.375000,90.000000,top
"LED5","LTL-1CHG","LTL1CHG",-163.730000,-71.635000,-90.000000,top
"Q1","2N7002","SOT-23",-185.425000,-65.125000,-90.000000,top
"R1","100k","R_Axial_DIN0207_L6.3mm_D2.5mm_P10.16mm_Horizontal",-173.415000,-82.925000,180.000000,top
"R2","100k","R_Axial_DIN0207_L6.3mm_D2.5mm_P10.16mm_Horizontal",-173.550000,-50.925000,180.000000,top
"R3","100k","R_Axial_DIN0207_L6.3mm_D2.5mm_P10.16mm_Horizontal",-159.680000,-61.825000,0.000000,top
"R4","1k","R_Axial_DIN0207_L6.3mm_D2.5mm_P10.16mm_Horizontal",-173.430000,-86.325000,180.000000,top
"R5","1k","R_Axial_DIN0207_L6.3mm_D2.5mm_P10.16mm_Horizontal",-173.600000,-54.350000,180.000000,top
"R6","1k","R_Axial_DIN0207_L6.3mm_D2.5mm_P10.16mm_Horizontal",-159.680000,-58.425000,0.000000,top
"R7","100k","R_Axial_DIN0207_L6.3mm_D2.5mm_P10.16mm_Horizontal",-173.805000,-104.050000,180.000000,top
"R8","5.1k","R_Axial_DIN0207_L6.3mm_D2.5mm_P10.16mm_Horizontal",-183.960000,-100.550000,0.000000,top
"R9","100k","R_Axial_DIN0207_L6.3mm_D2.5mm_P10.16mm_Horizontal",-173.450000,-68.725000,180.000000,top
"R10","5.1k","R_Axial_DIN0207_L6.3mm_D2.5mm_P10.16mm_Horizontal",-173.525000,-72.075000,180.000000,top
"R11","100k","R_Axial_DIN0207_L6.3mm_D2.5mm_P10.16mm_Horizontal",-159.710000,-65.200000,0.000000,top
"R12","5.1k","R_Axial_DIN0207_L6.3mm_D2.5mm_P10.16mm_Horizontal",-149.505000,-68.575000,180.000000,top
"R13","10k","R_Axial_DIN0207_L6.3mm_D2.5mm_P10.16mm_Horizontal",-183.560000,-75.950000,0.000000,top
"R14","10k","R_Axial_DIN0207_L6.3mm_D2.5mm_P10.16mm_Horizontal",-183.675000,-47.525000,0.000000,top
"R15","10k","R_Axial_DIN0207_L6.3mm_D2.5mm_P10.16mm_Horizontal",-150.395000,-45.000000,180.000000,top
"R16","10k","R_Axial_DIN0207_L6.3mm_D2.5mm_P10.16mm_Horizontal",-183.510000,-79.425000,0.000000,top
"R17","10k","R_Axial_DIN0207_L6.3mm_D2.5mm_P10.16mm_Horizontal",-173.570000,-44.125000,180.000000,top
"R18","10k","R_Axial_DIN0207_L6.3mm_D2.5mm_P10.16mm_Horizontal",-171.005000,-39.950000,0.000000,top
"R20","39k","R_Axial_DIN0207_L6.3mm_D2.5mm_P10.16mm_Horizontal",-149.405000,-92.325000,180.000000,top
"R22","10k","R_Axial_DIN0207_L6.3mm_D2.5mm_P10.16mm_Horizontal",-159.685000,-85.625000,0.000000,top
"R23","15k","R_Axial_DIN0207_L6.3mm_D2.5mm_P10.16mm_Horizontal",-149.475000,-88.900000,180.000000,top
"R24","39k","R_Axial_DIN0207_L6.3mm_D2.5mm_P10.16mm_Horizontal",-153.175000,-105.710000,90.000000,top
"R25","10k","R_Axial_DIN0207_L6.3mm_D2.5mm_P10.16mm_Horizontal",-149.750000,-95.510000,-90.000000,top
"R26","10k","R_Axial_DIN0207_L6.3mm_D2.5mm_P10.16mm_Horizontal",-149.500000,-82.225000,180.000000,top
"R27","10k","R_Axial_DIN0207_L6.3mm_D2.5mm_P10.16mm_Horizontal",-159.710000,-72.050000,0.000000,top
"R28","10k","R_Axial_DIN0207_L6.3mm_D2.5mm_P10.16mm_Horizontal",-159.660000,-78.875000,0.000000,top
"R29","10k","R_Axial_DIN0207_L6.3mm_D2.5mm_P10.16mm_Horizontal",-159.685000,-75.450000,0.000000,top
"R30","100k","R_Axial_DIN0207_L6.3mm_D2.5mm_P10.16mm_Horizontal",-160.900000,-103.330000,180.000000,top
"RV1","10k potentiometer","Potentiometer_Bourns_3296W_Vertical",-180.940000,-95.925000,180.000000,top
"RV2","10k potentiometer","Potentiometer_Bourns_3296W_Vertical",-180.330000,-63.950000,180.000000,top
"RV3","10k potentiometer","Potentiometer_Bourns_3296W_Vertical",-153.120000,-53.875000,0.000000,top
"TP1","TestPoint","TestPoint_Loop_D2.60mm_Drill1.6mm_Beaded",-177.850000,-90.725000,90.000000,top
"TP2","TestPoint","TestPoint_Loop_D2.60mm_Drill1.6mm_Beaded",-177.325000,-58.850000,0.000000,top
"TP3","TestPoint","TestPoint_Loop_D2.60mm_Drill1.6mm_Beaded",-158.925000,-48.825000,90.000000,top
"TP4","TestPoint","TestPoint_Loop_D2.60mm_Drill1.6mm_Beaded",-182.600000,-90.850000,-90.000000,top
"TP5","TestPoint","TestPoint_Loop_D2.60mm_Drill1.6mm_Beaded",-181.750000,-58.850000,0.000000,top
"TP6","TestPoint","TestPoint_Loop_D2.60mm_Drill1.6mm_Beaded",-153.250000,-48.975000,90.000000,top
"U4","LM7805MPX/NOPB","SOT-223-3_TabPin2",-193.525000,-58.730000,180.000000,top
"U5","LM339N","DIP794W53P254L1930H508Q14N",-166.887500,-91.180000,0.000000,top
"U6","SN74AHC1G02DBVR","SOT-23-5",-168.825000,-73.100000,0.000000,top
"U9","SN74LVC1G04DBVT","SOT-23-5",-157.425000,-109.487500,90.000000,top
"U18","SN74AHCT1G08DBVR","SOT-23-5",-176.937500,-40.025000,90.000000,top
"U19","LM339N","DIP794W53P254L1930H508Q14N",-166.850000,-57.325000,0.000000,top
