"Reference","Value","Footprint","MPN","Datasheet","Qty"
"C4","0.22uF","Kicad_Libraries:FA14X7R1H224KNU00","FA14X7R1H224KNU00","https://www.farnell.com/datasheets/2923220.pdf","1"
"C5-C9,C12,C14","0.1uF","Kicad_Libraries:FA18X7R1H104KNU00","FA18X7R1H104KNU00","https://www.farnell.com/datasheets/2923220.pdf","7"
"C10,C13","10uF","Capacitor_THT:CP_Radial_D5.0mm_P2.50mm","ECE-A1EKA100I","https://industrial.panasonic.com/cdbs/www-data/pdf/RDF0000/ABA0000C1050.pdf","2"
"D9","1N4001","Diode_THT:D_DO-41_SOD81_P10.16mm_Horizontal","1N4001","http://www.vishay.com/docs/88503/1n4001.pdf","1"
"D10","1N4148","Diode_THT:D_DO-41_SOD81_P10.16mm_Horizontal","1N4148","","1"
"J1","Conn_01x03","Connector_JST:JST_XH_B3B-XH-A_1x03_P2.50mm_Vertical","B3B-XH-A","https://www.jst-mfg.com/product/pdf/eng/eXH.pdf","1"
"J2,J3","Conn_01x02","Connector_JST:JST_XH_B2B-XH-A_1x02_P2.50mm_Vertical","B2B-XH-A ","https://www.jst-mfg.com/product/pdf/eng/eXH.pdf","2"
"K1","G5Q-1A4-DC12","Relay_THT:Relay_SPST_Omron-G5Q-1A","G5Q-1A4-DC12","https://www.mouser.ie/datasheet/2/307/J155_E1-3439950.pdf","1"
"LED1-LED5","LTL-1CHG","Kicad_Libraries:LTL1CHG","LTL-1CHG","https://media.digikey.com/pdf/Data%20Sheets/Lite-On%20PDFs/LTL-1CHG.pdf","5"
"Q1","2N7002","Package_TO_SOT_SMD:SOT-23","2N7002","https://www.onsemi.com/pub/Collateral/NDS7002A-D.PDF","1"
"R1-R3,R7,R9,R11,R30","100k","Resistor_THT:R_Axial_DIN0207_L6.3mm_D2.5mm_P10.16mm_Horizontal","MCF 0.25W 100K","https://www.farnell.com/datasheets/3436052.pdf?_gl=1*10s1yq3*_gcl_au*OTY1ODIxNDc3LjE3MzU0MDg2OTk.","7"
"R4-R6","1k","Resistor_THT:R_Axial_DIN0207_L6.3mm_D2.5mm_P10.16mm_Horizontal","MCF 0.25W 1K","https://www.farnell.com/datasheets/3436052.pdf?_gl=1*1pxxutc*_gcl_au*OTY1ODIxNDc3LjE3MzU0MDg2OTk","3"
"R8,R10,R12-R18,R22,R25-R29","10k","Resistor_THT:R_Axial_DIN0207_L6.3mm_D2.5mm_P10.16mm_Horizontal","MCF 0.25W 10K","https://www.farnell.com/datasheets/3436052.pdf?_gl=1*j4k0i6*_gcl_au*OTY1ODIxNDc3LjE3MzU0MDg2OTk","15"
"R20,R24","39k","Resistor_THT:R_Axial_DIN0207_L6.3mm_D2.5mm_P10.16mm_Horizontal","MCF 0.25W 39K","http://www.farnell.com/datasheets/3436052.pdf?_gl=1*shqhxd*_gcl_au*MzQwNzkxNTUuMTczODE3NzUyNw,https://www.farnell.com/datasheets/3436052.pdf?_gl=1*6igt67*_gcl_au*OTY1ODIxNDc3LjE3MzU0MDg2OTk.","2"
"R23","15k","Resistor_THT:R_Axial_DIN0207_L6.3mm_D2.5mm_P10.16mm_Horizontal","MCF 0.25W 15K","https://www.farnell.com/datasheets/3436052.pdf?_gl=1*2i638p*_gcl_au*OTY1ODIxNDc3LjE3MzU0MDg2OTk","1"
"RV1-RV3","10k potentiometer","Potentiometer_THT:Potentiometer_Bourns_3296W_Vertical","3296W-1-103LF","https://www.mouser.ie/datasheet/2/54/3296-776415.pdf","3"
"TP1-TP6","TestPoint","TestPoint:TestPoint_Loop_D2.60mm_Drill1.6mm_Beaded","36-5006-ND","https://www.keyelco.com/userAssets/file/M65p56.pdf","6"
"U4","LM7805MPX/NOPB","Package_TO_SOT_SMD:SOT-223-3_TabPin2","LM7805MPX/NOPB","https://www.ti.com/lit/gpn/lm7800","1"
"U5,U19","LM339N","Kicad_Libraries:DIP794W53P254L1930H508Q14N","LM339N","https://www.ti.com/lit/gpn/lm339","2"
"U6,U20,U21","SN74AHC1G02DBVR","Package_TO_SOT_SMD:SOT-23-5","SN74AHC1G02DBVR","https://www.ti.com/lit/ds/symlink/sn74ahc1g02.pdf,https://www.ti.com/lit/ds/symlink/sn74ahc1g02.pdf?ts=1738520903275","3"
"U9","SN74LVC1G04DBVT","Package_TO_SOT_SMD:SOT-23-5","SN74LVC1G04DBVT","https://www.ti.com/lit/gpn/sn74lvc1g04","1"
"U18","SN74AHCT1G08DBVR","Package_TO_SOT_SMD:SOT-23-5","SN74AHCT1G08DBVR","https://www.ti.com/lit/gpn/sn74ahct1g08","1"
